No_row_of_csv_file,Axis,Description,Note
row001,x,Left_dorsal_lobe_contour_upper_secondary_landmark_01,
row002,x,Left_dorsal_lobe_contour_upper_secondary_landmark_02,
row003,x,Left_dorsal_lobe_contour_upper_secondary_landmark_03,
row004,x,Left_dorsal_lobe_contour_upper_secondary_landmark_04,
row005,x,Left_dorsal_lobe_contour_upper_secondary_landmark_05,
row006,x,Left_dorsal_lobe_contour_upper_secondary_landmark_06,
row007,x,Left_dorsal_lobe_contour_upper_secondary_landmark_07,
row008,x,Left_dorsal_lobe_midrib_distal_end_primary_landmark,
row009,x,Left_dorsal_lobe_contour_lower_secondary_landmark_01,
row010,x,Left_dorsal_lobe_contour_lower_secondary_landmark_02,
row011,x,Left_dorsal_lobe_contour_lower_secondary_landmark_03,
row012,x,Left_dorsal_lobe_contour_lower_secondary_landmark_04,
row013,x,Left_dorsal_lobe_contour_lower_secondary_landmark_05,
row014,x,Left_dorsal_lobe_contour_lower_secondary_landmark_06,
row015,x,Left_dorsal_lobe_contour_lower_secondary_landmark_07,
row016,x,Left_dorsal-lateral_lobes_intersection_primary_landmark,
row017,x,Left_lateral_lobe_contour_upper_secondary_landmark_01,
row018,x,Left_lateral_lobe_contour_upper_secondary_landmark_02,
row019,x,Left_lateral_lobe_contour_upper_secondary_landmark_03,
row020,x,Left_lateral_lobe_contour_upper_secondary_landmark_04,
row021,x,Left_lateral_lobe_contour_upper_secondary_landmark_05,
row022,x,Left_lateral_lobe_contour_upper_secondary_landmark_06,
row023,x,Left_lateral_lobe_contour_upper_secondary_landmark_07,
row024,x,Left_lateral_lobe_midrib_distal_end,
row025,x,Left_lateral_lobe_contour_lower_secondary_landmark_01,
row026,x,Left_lateral_lobe_contour_lower_secondary_landmark_02,
row027,x,Left_lateral_lobe_contour_lower_secondary_landmark_03,
row028,x,Left_lateral_lobe_contour_lower_secondary_landmark_04,
row029,x,Left_lateral_lobe_contour_lower_secondary_landmark_05,
row030,x,Left_lateral_lobe_contour_lower_secondary_landmark_06,
row031,x,Left_lateral_lobe_contour_lower_secondary_landmark_07,
row032,x,Left_lateral-ventral_lobes_intersection_primary_landmark,
row033,x,Ventral_lobe_left_contour_secondary_landmark_01,
row034,x,Ventral_lobe_left_contour_secondary_landmark_02,
row035,x,Ventral_lobe_left_contour_secondary_landmark_03,
row036,x,Ventral_lobe_left_contour_secondary_landmark_04,
row037,x,Ventral_lobe_left_contour_secondary_landmark_05,
row038,x,Ventral_lobe_left_contour_secondary_landmark_06,
row039,x,Ventral_lobe_left_contour_secondary_landmark_07,
row040,x,Ventral_lobe_midrib_distal_end_primary_landmark,
row041,x,Ventral_lobe_right_contour_secondary_landmark_01,
row042,x,Ventral_lobe_right_contour_secondary_landmark_02,
row043,x,Ventral_lobe_right_contour_secondary_landmark_03,
row044,x,Ventral_lobe_right_contour_secondary_landmark_04,
row045,x,Ventral_lobe_right_contour_secondary_landmark_05,
row046,x,Ventral_lobe_right_contour_secondary_landmark_06,
row047,x,Ventral_lobe_right_contour_secondary_landmark_07,
row048,x,Right_lateral-ventral_lobes_intersection_primary_landmark,
row049,x,Right_lateral_lobe_contour_lower_secondary_landmark_01,
row050,x,Right_lateral_lobe_contour_lower_secondary_landmark_02,
row051,x,Right_lateral_lobe_contour_lower_secondary_landmark_03,
row052,x,Right_lateral_lobe_contour_lower_secondary_landmark_04,
row053,x,Right_lateral_lobe_contour_lower_secondary_landmark_05,
row054,x,Right_lateral_lobe_contour_lower_secondary_landmark_06,
row055,x,Right_lateral_lobe_contour_lower_secondary_landmark_07,
row056,x,Right_lateral_lobe_midrib_distal_end_primary_landmark,
row057,x,Right_lateral_lobe_contour_upper_secondary_landmark_01,
row058,x,Right_lateral_lobe_contour_upper_secondary_landmark_02,
row059,x,Right_lateral_lobe_contour_upper_secondary_landmark_03,
row060,x,Right_lateral_lobe_contour_upper_secondary_landmark_04,
row061,x,Right_lateral_lobe_contour_upper_secondary_landmark_05,
row062,x,Right_lateral_lobe_contour_upper_secondary_landmark_06,
row063,x,Right_lateral_lobe_contour_upper_secondary_landmark_07,
row064,x,Right_dorsal-lateral_lobes_intersection_primary_landmark,
row065,x,Right_dorsal_lobe_contour_lower_secondary_landmark_01,
row066,x,Right_dorsal_lobe_contour_lower_secondary_landmark_02,
row067,x,Right_dorsal_lobe_contour_lower_secondary_landmark_03,
row068,x,Right_dorsal_lobe_contour_lower_secondary_landmark_04,
row069,x,Right_dorsal_lobe_contour_lower_secondary_landmark_05,
row070,x,Right_dorsal_lobe_contour_lower_secondary_landmark_06,
row071,x,Right_dorsal_lobe_contour_lower_secondary_landmark_07,
row072,x,Right_dorsal_lobe_midrib_distal_end_primary_landmark,
row073,x,Right_dorsal_lobe_contour_upper_secondary_landmark_01,
row074,x,Right_dorsal_lobe_contour_upper_secondary_landmark_02,
row075,x,Right_dorsal_lobe_contour_upper_secondary_landmark_03,
row076,x,Right_dorsal_lobe_contour_upper_secondary_landmark_04,
row077,x,Right_dorsal_lobe_contour_upper_secondary_landmark_05,
row078,x,Right_dorsal_lobe_contour_upper_secondary_landmark_06,
row079,x,Right_dorsal_lobe_contour_upper_secondary_landmark_07,
row080,x,Dorsal-dorsal_lobes_intersection_primary_landmark,
row081,x,Left_dorsal_lobe_midrib_secondary_landmark_01,
row082,x,Left_dorsal_lobe_midrib_secondary_landmark_02,
row083,x,Left_dorsal_lobe_midrib_secondary_landmark_03,
row084,x,Left_dorsal_lobe_midrib_secondary_landmark_04,
row085,x,Left_dorsal_lobe_midrib_secondary_landmark_05,
row086,x,Left_dorsal_lobe_midrib_secondary_landmark_06,
row087,x,Left_dorsal_lobe_midrib_secondary_landmark_07,
row088,x,Left_dorsal_lobe_midrib_proximal_end_primary_landmark/Left_dorsal_tube_midrib_distal_end_primary_landmark,identical to landmark_124
row089,x,Left_lateral_lobe_midrib_secondary_landmark_01,
row090,x,Left_lateral_lobe_midrib_secondary_landmark_02,
row091,x,Left_lateral_lobe_midrib_secondary_landmark_03,
row092,x,Left_lateral_lobe_midrib_secondary_landmark_04,
row093,x,Left_lateral_lobe_midrib_secondary_landmark_05,
row094,x,Left_lateral_lobe_midrib_secondary_landmark_06,
row095,x,Left_lateral_lobe_midrib_secondary_landmark_07,
row096,x,Left_lateral_lobe_midrib_proximal_end_primary_landmark/Left_lateral_tube_midrib_distal_end_primary_landmark,identical to landmark_132
row097,x,Ventral_lobe_midrib_secondary_landmark_01,
row098,x,Ventral_lobe_midrib_secondary_landmark_02,
row099,x,Ventral_lobe_midrib_secondary_landmark_03,
row100,x,Ventral_lobe_midrib_secondary_landmark_04,
row101,x,Ventral_lobe_midrib_secondary_landmark_05,
row102,x,Ventral_lobe_midrib_secondary_landmark_06,
row103,x,Ventral_lobe_midrib_secondary_landmark_07,
row104,x,Ventral_lobe_midrib_proximal_end_primary_landmark/Ventral_tube_midrib_distal_end_primary_landmark,identical to landmark_140
row105,x,Right_lateral_lobe_midrib_secondary_landmark_01,
row106,x,Right_lateral_lobe_midrib_secondary_landmark_02,
row107,x,Right_lateral_lobe_midrib_secondary_landmark_03,
row108,x,Right_lateral_lobe_midrib_secondary_landmark_04,
row109,x,Right_lateral_lobe_midrib_secondary_landmark_05,
row110,x,Right_lateral_lobe_midrib_secondary_landmark_06,
row111,x,Right_lateral_lobe_midrib_secondary_landmark_07,
row112,x,Right_lateral_lobe_midrib_proximal_end_primary_landmark/Right_lateral_tube_midrib_distal_end_primary_landmark,identical to landmark_148
row113,x,Right_dorsal_lobe_midrib_secondary_landmark_01,
row114,x,Right_dorsal_lobe_midrib_secondary_landmark_02,
row115,x,Right_dorsal_lobe_midrib_secondary_landmark_03,
row116,x,Right_dorsal_lobe_midrib_secondary_landmark_04,
row117,x,Right_dorsal_lobe_midrib_secondary_landmark_05,
row118,x,Right_dorsal_lobe_midrib_secondary_landmark_06,
row119,x,Right_dorsal_lobe_midrib_secondary_landmark_07,
row120,x,Right_dorsal_lobe_midrib_proximal_end_primary_landmark/Right_dorsal_tube_midrib_distal_end_primary_landmark,identical to landmark_156
row121,x,Left_dorsal_lobe-tube_rim_upper_secondary_landmark_01,
row122,x,Left_dorsal_lobe-tube_rim_upper_secondary_landmark_02,
row123,x,Left_dorsal_lobe-tube_rim_upper_secondary_landmark_03,
row124,x,Left_dorsal_lobe_midrib_proximal_end_primary_landmark/Left_dorsal_tube_midrib_distal_end_primary_landmark,identical to landmark_088
row125,x,Left_dorsal_lobe-tube_rim_lower_secondary_landmark_01,
row126,x,Left_dorsal_lobe-tube_rim_lower_secondary_landmark_02,
row127,x,Left_dorsal_lobe-tube_rim_lower_secondary_landmark_03,
row128,x,Left_dorsal-lateral_lobes_intersection_primary_landmark,
row129,x,Left_lateral_lobe-tube_rim_upper_secondary_landmark_01,
row130,x,Left_lateral_lobe-tube_rim_upper_secondary_landmark_02,
row131,x,Left_lateral_lobe-tube_rim_upper_secondary_landmark_03,
row132,x,Left_lateral_lobe_midrib_proximal_end_primary_landmark/Left_lateral_tube_midrib_distal_end_primary_landmark,identical to landmark_096
row133,x,Left_lateral_lobe-tube_rim_lower_secondary_landmark_01,
row134,x,Left_lateral_lobe-tube_rim_lower_secondary_landmark_02,
row135,x,Left_lateral_lobe-tube_rim_lower_secondary_landmark_03,
row136,x,Left_lateral-ventral_lobes_intersection_primary_landmark,
row137,x,Ventral_lobe-tube_rim_left_secondary_landmark_01,
row138,x,Ventral_lobe-tube_rim_left_secondary_landmark_02,
row139,x,Ventral_lobe-tube_rim_left_secondary_landmark_03,
row140,x,Ventral_lobe_midrib_proximal_end_primary_landmark/Ventral_tube_midrib_distal_end_primary_landmark,identical to landmark_104
row141,x,Ventral_lobe-tube_rim_right_secondary_landmark_01,
row142,x,Ventral_lobe-tube_rim_right_secondary_landmark_02,
row143,x,Ventral_lobe-tube_rim_right_secondary_landmark_03,
row144,x,Right_lateral-ventral_lobes_intersection_primary_landmark,
row145,x,Right_lateral_lobe-tube_rim_lower_secondary_landmark_01,
row146,x,Right_lateral_lobe-tube_rim_lower_secondary_landmark_02,
row147,x,Right_lateral_lobe-tube_rim_lower_secondary_landmark_03,
row148,x,Right_lateral_lobe_midrib_proximal_end_primary_landmark/Right_lateral_tube_midrib_distal_end_primary_landmark,identical to landmark_112
row149,x,Right_lateral_lobe-tube_rim_upper_secondary_landmark_01,
row150,x,Right_lateral_lobe-tube_rim_upper_secondary_landmark_02,
row151,x,Right_lateral_lobe-tube_rim_upper_secondary_landmark_03,
row152,x,Right_dorsal-lateral_lobes_intersection_primary_landmark,
row153,x,Right_dorsal_lobe-tube_rim_lower_secondary_landmark_01,
row154,x,Right_dorsal_lobe-tube_rim_lower_secondary_landmark_02,
row155,x,Right_dorsal_lobe-tube_rim_lower_secondary_landmark_03,
row156,x,Right_dorsal_lobe_midrib_proximal_end_primary_landmark/Right_dorsal_tube_midrib_distal_end_primary_landmark,identical to landmark_120
row157,x,Right_dorsal_lobe-tube_rim_upper_secondary_landmark_01,
row158,x,Right_dorsal_lobe-tube_rim_upper_secondary_landmark_02,
row159,x,Right_dorsal_lobe-tube_rim_upper_secondary_landmark_03,
row160,x,Dorsal-dorsal_lobes_intersection_primary_landmark,
row161,x,Left_dorsal_tube_midrib_secondary_landmark_01,
row162,x,Left_dorsal_tube_midrib_secondary_landmark_02,
row163,x,Left_dorsal_tube_midrib_secondary_landmark_03,
row164,x,Left_dorsal_tube_midrib_secondary_landmark_04,
row165,x,Left_dorsal_tube_midrib_secondary_landmark_05,
row166,x,Left_dorsal_tube_midrib_secondary_landmark_06,
row167,x,Left_dorsal_tube_midrib_secondary_landmark_07,
row168,x,Left_dorsal_tube_midrib_secondary_landmark_08,
row169,x,Left_dorsal_tube_midrib_secondary_landmark_09,
row170,x,Left_dorsal_tube_midrib_secondary_landmark_10,
row171,x,Left_dorsal_tube_midrib_secondary_landmark_11,
row172,x,Left_dorsal_tube_midrib_secondary_landmark_12,
row173,x,Left_dorsal_tube_midrib_secondary_landmark_13,
row174,x,Left_dorsal_tube_midrib_secondary_landmark_14,
row175,x,Left_dorsal_tube_midrib_secondary_landmark_15,
row176,x,Left_dorsal_tube_midrib_secondary_landmark_16,
row177,x,Left_dorsal_tube_midrib_secondary_landmark_17,
row178,x,Left_dorsal_tube_midrib_secondary_landmark_18,
row179,x,Left_dorsal_tube_midrib_secondary_landmark_19,
row180,x,Left_dorsal_tube_midrib_secondary_landmark_20,
row181,x,Left_dorsal_tube_midrib_secondary_landmark_21,
row182,x,Left_dorsal_tube_midrib_secondary_landmark_22,
row183,x,Left_dorsal_tube_midrib_secondary_landmark_23,
row184,x,Left_dorsal_tube_midrib_secondary_landmark_24,
row185,x,Left_dorsal_tube_midrib_secondary_landmark_25,
row186,x,Left_dorsal_tube_midrib_proximal_end_primary_landmark,
row187,x,Left_lateral_tube_midrib_secondary_landmark_01,
row188,x,Left_lateral_tube_midrib_secondary_landmark_02,
row189,x,Left_lateral_tube_midrib_secondary_landmark_03,
row190,x,Left_lateral_tube_midrib_secondary_landmark_04,
row191,x,Left_lateral_tube_midrib_secondary_landmark_05,
row192,x,Left_lateral_tube_midrib_secondary_landmark_06,
row193,x,Left_lateral_tube_midrib_secondary_landmark_07,
row194,x,Left_lateral_tube_midrib_secondary_landmark_08,
row195,x,Left_lateral_tube_midrib_secondary_landmark_09,
row196,x,Left_lateral_tube_midrib_secondary_landmark_10,
row197,x,Left_lateral_tube_midrib_secondary_landmark_11,
row198,x,Left_lateral_tube_midrib_secondary_landmark_12,
row199,x,Left_lateral_tube_midrib_secondary_landmark_13,
row200,x,Left_lateral_tube_midrib_secondary_landmark_14,
row201,x,Left_lateral_tube_midrib_secondary_landmark_15,
row202,x,Left_lateral_tube_midrib_secondary_landmark_16,
row203,x,Left_lateral_tube_midrib_secondary_landmark_17,
row204,x,Left_lateral_tube_midrib_secondary_landmark_18,
row205,x,Left_lateral_tube_midrib_secondary_landmark_19,
row206,x,Left_lateral_tube_midrib_secondary_landmark_20,
row207,x,Left_lateral_tube_midrib_secondary_landmark_21,
row208,x,Left_lateral_tube_midrib_secondary_landmark_22,
row209,x,Left_lateral_tube_midrib_secondary_landmark_23,
row210,x,Left_lateral_tube_midrib_secondary_landmark_24,
row211,x,Left_lateral_tube_midrib_secondary_landmark_25,
row212,x,Left_lateral_tube_midrib_proximal_end_primary_landmark,
row213,x,Ventral_tube_midrib_secondary_landmark_01,
row214,x,Ventral_tube_midrib_secondary_landmark_02,
row215,x,Ventral_tube_midrib_secondary_landmark_03,
row216,x,Ventral_tube_midrib_secondary_landmark_04,
row217,x,Ventral_tube_midrib_secondary_landmark_05,
row218,x,Ventral_tube_midrib_secondary_landmark_06,
row219,x,Ventral_tube_midrib_secondary_landmark_07,
row220,x,Ventral_tube_midrib_secondary_landmark_08,
row221,x,Ventral_tube_midrib_secondary_landmark_09,
row222,x,Ventral_tube_midrib_secondary_landmark_10,
row223,x,Ventral_tube_midrib_secondary_landmark_11,
row224,x,Ventral_tube_midrib_secondary_landmark_12,
row225,x,Ventral_tube_midrib_secondary_landmark_13,
row226,x,Ventral_tube_midrib_secondary_landmark_14,
row227,x,Ventral_tube_midrib_secondary_landmark_15,
row228,x,Ventral_tube_midrib_secondary_landmark_16,
row229,x,Ventral_tube_midrib_secondary_landmark_17,
row230,x,Ventral_tube_midrib_secondary_landmark_18,
row231,x,Ventral_tube_midrib_secondary_landmark_19,
row232,x,Ventral_tube_midrib_secondary_landmark_20,
row233,x,Ventral_tube_midrib_secondary_landmark_21,
row234,x,Ventral_tube_midrib_secondary_landmark_22,
row235,x,Ventral_tube_midrib_secondary_landmark_23,
row236,x,Ventral_tube_midrib_secondary_landmark_24,
row237,x,Ventral_tube_midrib_secondary_landmark_25,
row238,x,Ventral_tube_midrib_proximal_end_primary_landmark,
row239,x,Right_lateral_tube_midrib_secondary_landmark_01,
row240,x,Right_lateral_tube_midrib_secondary_landmark_02,
row241,x,Right_lateral_tube_midrib_secondary_landmark_03,
row242,x,Right_lateral_tube_midrib_secondary_landmark_04,
row243,x,Right_lateral_tube_midrib_secondary_landmark_05,
row244,x,Right_lateral_tube_midrib_secondary_landmark_06,
row245,x,Right_lateral_tube_midrib_secondary_landmark_07,
row246,x,Right_lateral_tube_midrib_secondary_landmark_08,
row247,x,Right_lateral_tube_midrib_secondary_landmark_09,
row248,x,Right_lateral_tube_midrib_secondary_landmark_10,
row249,x,Right_lateral_tube_midrib_secondary_landmark_11,
row250,x,Right_lateral_tube_midrib_secondary_landmark_12,
row251,x,Right_lateral_tube_midrib_secondary_landmark_13,
row252,x,Right_lateral_tube_midrib_secondary_landmark_14,
row253,x,Right_lateral_tube_midrib_secondary_landmark_15,
row254,x,Right_lateral_tube_midrib_secondary_landmark_16,
row255,x,Right_lateral_tube_midrib_secondary_landmark_17,
row256,x,Right_lateral_tube_midrib_secondary_landmark_18,
row257,x,Right_lateral_tube_midrib_secondary_landmark_19,
row258,x,Right_lateral_tube_midrib_secondary_landmark_20,
row259,x,Right_lateral_tube_midrib_secondary_landmark_21,
row260,x,Right_lateral_tube_midrib_secondary_landmark_22,
row261,x,Right_lateral_tube_midrib_secondary_landmark_23,
row262,x,Right_lateral_tube_midrib_secondary_landmark_24,
row263,x,Right_lateral_tube_midrib_secondary_landmark_25,
row264,x,Right_lateral_tube_midrib_proximal_end_primary_landmark,
row265,x,Right_dorsal_tube_midrib_secondary_landmark_01,
row266,x,Right_dorsal_tube_midrib_secondary_landmark_02,
row267,x,Right_dorsal_tube_midrib_secondary_landmark_03,
row268,x,Right_dorsal_tube_midrib_secondary_landmark_04,
row269,x,Right_dorsal_tube_midrib_secondary_landmark_05,
row270,x,Right_dorsal_tube_midrib_secondary_landmark_06,
row271,x,Right_dorsal_tube_midrib_secondary_landmark_07,
row272,x,Right_dorsal_tube_midrib_secondary_landmark_08,
row273,x,Right_dorsal_tube_midrib_secondary_landmark_09,
row274,x,Right_dorsal_tube_midrib_secondary_landmark_10,
row275,x,Right_dorsal_tube_midrib_secondary_landmark_11,
row276,x,Right_dorsal_tube_midrib_secondary_landmark_12,
row277,x,Right_dorsal_tube_midrib_secondary_landmark_13,
row278,x,Right_dorsal_tube_midrib_secondary_landmark_14,
row279,x,Right_dorsal_tube_midrib_secondary_landmark_15,
row280,x,Right_dorsal_tube_midrib_secondary_landmark_16,
row281,x,Right_dorsal_tube_midrib_secondary_landmark_17,
row282,x,Right_dorsal_tube_midrib_secondary_landmark_18,
row283,x,Right_dorsal_tube_midrib_secondary_landmark_19,
row284,x,Right_dorsal_tube_midrib_secondary_landmark_20,
row285,x,Right_dorsal_tube_midrib_secondary_landmark_21,
row286,x,Right_dorsal_tube_midrib_secondary_landmark_22,
row287,x,Right_dorsal_tube_midrib_secondary_landmark_23,
row288,x,Right_dorsal_tube_midrib_secondary_landmark_24,
row289,x,Right_dorsal_tube_midrib_secondary_landmark_25,
row290,x,Right_dorsal_tube_midrib_proximal_end_primary_landmark,
row291,x,Dorsal-dorsal_tube_rim_secondary_landmark_01,
row292,x,Dorsal-dorsal_tube_rim_secondary_landmark_02,
row293,x,Dorsal-dorsal_tube_rim_secondary_landmark_03,
row294,x,Dorsal-dorsal_tube_rim_secondary_landmark_04,
row295,x,Dorsal-dorsal_tube_rim_secondary_landmark_05,
row296,x,Dorsal-dorsal_tube_rim_secondary_landmark_06,
row297,x,Dorsal-dorsal_tube_rim_secondary_landmark_07,
row298,x,Dorsal-dorsal_tube_rim_secondary_landmark_08,
row299,x,Dorsal-dorsal_tube_rim_secondary_landmark_09,
row300,x,Dorsal-dorsal_tube_rim_secondary_landmark_10,
row301,x,Dorsal-dorsal_tube_rim_secondary_landmark_11,
row302,x,Dorsal-dorsal_tube_rim_secondary_landmark_12,
row303,x,Dorsal-dorsal_tube_rim_secondary_landmark_13,
row304,x,Dorsal-dorsal_tube_rim_secondary_landmark_14,
row305,x,Dorsal-dorsal_tube_rim_secondary_landmark_15,
row306,x,Dorsal-dorsal_tube_rim_secondary_landmark_16,
row307,x,Dorsal-dorsal_tube_rim_secondary_landmark_17,
row308,x,Dorsal-dorsal_tube_rim_secondary_landmark_18,
row309,x,Dorsal-dorsal_tube_rim_secondary_landmark_19,
row310,x,Dorsal-dorsal_tube_rim_secondary_landmark_20,
row311,x,Dorsal-dorsal_tube_rim_secondary_landmark_21,
row312,x,Dorsal-dorsal_tube_rim_secondary_landmark_22,
row313,x,Dorsal-dorsal_tube_rim_secondary_landmark_23,
row314,x,Dorsal-dorsal_tube_rim_secondary_landmark_24,
row315,x,Dorsal-dorsal_tube_rim_secondary_landmark_25,
row316,x,Dorsal-dorsal_tube_rim_proximal_end_primary_landmark,
row317,x,Left_dorsal-lateral_tube_rim_secondary_landmark_01,
row318,x,Left_dorsal-lateral_tube_rim_secondary_landmark_02,
row319,x,Left_dorsal-lateral_tube_rim_secondary_landmark_03,
row320,x,Left_dorsal-lateral_tube_rim_secondary_landmark_04,
row321,x,Left_dorsal-lateral_tube_rim_secondary_landmark_05,
row322,x,Left_dorsal-lateral_tube_rim_secondary_landmark_06,
row323,x,Left_dorsal-lateral_tube_rim_secondary_landmark_07,
row324,x,Left_dorsal-lateral_tube_rim_secondary_landmark_08,
row325,x,Left_dorsal-lateral_tube_rim_secondary_landmark_09,
row326,x,Left_dorsal-lateral_tube_rim_secondary_landmark_10,
row327,x,Left_dorsal-lateral_tube_rim_secondary_landmark_11,
row328,x,Left_dorsal-lateral_tube_rim_secondary_landmark_12,
row329,x,Left_dorsal-lateral_tube_rim_secondary_landmark_13,
row330,x,Left_dorsal-lateral_tube_rim_secondary_landmark_14,
row331,x,Left_dorsal-lateral_tube_rim_secondary_landmark_15,
row332,x,Left_dorsal-lateral_tube_rim_secondary_landmark_16,
row333,x,Left_dorsal-lateral_tube_rim_secondary_landmark_17,
row334,x,Left_dorsal-lateral_tube_rim_secondary_landmark_18,
row335,x,Left_dorsal-lateral_tube_rim_secondary_landmark_19,
row336,x,Left_dorsal-lateral_tube_rim_secondary_landmark_20,
row337,x,Left_dorsal-lateral_tube_rim_secondary_landmark_21,
row338,x,Left_dorsal-lateral_tube_rim_secondary_landmark_22,
row339,x,Left_dorsal-lateral_tube_rim_secondary_landmark_23,
row340,x,Left_dorsal-lateral_tube_rim_secondary_landmark_24,
row341,x,Left_dorsal-lateral_tube_rim_secondary_landmark_25,
row342,x,Left_dorsal-lateral_tube_rim_proximal_end_primary_landmark,
row343,x,Left_lateral-ventral_tube_rim_secondary_landmark_01,
row344,x,Left_lateral-ventral_tube_rim_secondary_landmark_02,
row345,x,Left_lateral-ventral_tube_rim_secondary_landmark_03,
row346,x,Left_lateral-ventral_tube_rim_secondary_landmark_04,
row347,x,Left_lateral-ventral_tube_rim_secondary_landmark_05,
row348,x,Left_lateral-ventral_tube_rim_secondary_landmark_06,
row349,x,Left_lateral-ventral_tube_rim_secondary_landmark_07,
row350,x,Left_lateral-ventral_tube_rim_secondary_landmark_08,
row351,x,Left_lateral-ventral_tube_rim_secondary_landmark_09,
row352,x,Left_lateral-ventral_tube_rim_secondary_landmark_10,
row353,x,Left_lateral-ventral_tube_rim_secondary_landmark_11,
row354,x,Left_lateral-ventral_tube_rim_secondary_landmark_12,
row355,x,Left_lateral-ventral_tube_rim_secondary_landmark_13,
row356,x,Left_lateral-ventral_tube_rim_secondary_landmark_14,
row357,x,Left_lateral-ventral_tube_rim_secondary_landmark_15,
row358,x,Left_lateral-ventral_tube_rim_secondary_landmark_16,
row359,x,Left_lateral-ventral_tube_rim_secondary_landmark_17,
row360,x,Left_lateral-ventral_tube_rim_secondary_landmark_18,
row361,x,Left_lateral-ventral_tube_rim_secondary_landmark_19,
row362,x,Left_lateral-ventral_tube_rim_secondary_landmark_20,
row363,x,Left_lateral-ventral_tube_rim_secondary_landmark_21,
row364,x,Left_lateral-ventral_tube_rim_secondary_landmark_22,
row365,x,Left_lateral-ventral_tube_rim_secondary_landmark_23,
row366,x,Left_lateral-ventral_tube_rim_secondary_landmark_24,
row367,x,Left_lateral-ventral_tube_rim_secondary_landmark_25,
row368,x,Left_lateral-ventral_tube_rim_proximal_end_primary_landmark,
row369,x,Right_lateral-ventral_tube_rim_secondary_landmark_01,
row370,x,Right_lateral-ventral_tube_rim_secondary_landmark_02,
row371,x,Right_lateral-ventral_tube_rim_secondary_landmark_03,
row372,x,Right_lateral-ventral_tube_rim_secondary_landmark_04,
row373,x,Right_lateral-ventral_tube_rim_secondary_landmark_05,
row374,x,Right_lateral-ventral_tube_rim_secondary_landmark_06,
row375,x,Right_lateral-ventral_tube_rim_secondary_landmark_07,
row376,x,Right_lateral-ventral_tube_rim_secondary_landmark_08,
row377,x,Right_lateral-ventral_tube_rim_secondary_landmark_09,
row378,x,Right_lateral-ventral_tube_rim_secondary_landmark_10,
row379,x,Right_lateral-ventral_tube_rim_secondary_landmark_11,
row380,x,Right_lateral-ventral_tube_rim_secondary_landmark_12,
row381,x,Right_lateral-ventral_tube_rim_secondary_landmark_13,
row382,x,Right_lateral-ventral_tube_rim_secondary_landmark_14,
row383,x,Right_lateral-ventral_tube_rim_secondary_landmark_15,
row384,x,Right_lateral-ventral_tube_rim_secondary_landmark_16,
row385,x,Right_lateral-ventral_tube_rim_secondary_landmark_17,
row386,x,Right_lateral-ventral_tube_rim_secondary_landmark_18,
row387,x,Right_lateral-ventral_tube_rim_secondary_landmark_19,
row388,x,Right_lateral-ventral_tube_rim_secondary_landmark_20,
row389,x,Right_lateral-ventral_tube_rim_secondary_landmark_21,
row390,x,Right_lateral-ventral_tube_rim_secondary_landmark_22,
row391,x,Right_lateral-ventral_tube_rim_secondary_landmark_23,
row392,x,Right_lateral-ventral_tube_rim_secondary_landmark_24,
row393,x,Right_lateral-ventral_tube_rim_secondary_landmark_25,
row394,x,Right_lateral-ventral_tube_rim_proximal_end_primary_landmark,
row395,x,Right_dorsal-lateral_tube_rim_secondary_landmark_01,
row396,x,Right_dorsal-lateral_tube_rim_secondary_landmark_02,
row397,x,Right_dorsal-lateral_tube_rim_secondary_landmark_03,
row398,x,Right_dorsal-lateral_tube_rim_secondary_landmark_04,
row399,x,Right_dorsal-lateral_tube_rim_secondary_landmark_05,
row400,x,Right_dorsal-lateral_tube_rim_secondary_landmark_06,
row401,x,Right_dorsal-lateral_tube_rim_secondary_landmark_07,
row402,x,Right_dorsal-lateral_tube_rim_secondary_landmark_08,
row403,x,Right_dorsal-lateral_tube_rim_secondary_landmark_09,
row404,x,Right_dorsal-lateral_tube_rim_secondary_landmark_10,
row405,x,Right_dorsal-lateral_tube_rim_secondary_landmark_11,
row406,x,Right_dorsal-lateral_tube_rim_secondary_landmark_12,
row407,x,Right_dorsal-lateral_tube_rim_secondary_landmark_13,
row408,x,Right_dorsal-lateral_tube_rim_secondary_landmark_14,
row409,x,Right_dorsal-lateral_tube_rim_secondary_landmark_15,
row410,x,Right_dorsal-lateral_tube_rim_secondary_landmark_16,
row411,x,Right_dorsal-lateral_tube_rim_secondary_landmark_17,
row412,x,Right_dorsal-lateral_tube_rim_secondary_landmark_18,
row413,x,Right_dorsal-lateral_tube_rim_secondary_landmark_19,
row414,x,Right_dorsal-lateral_tube_rim_secondary_landmark_20,
row415,x,Right_dorsal-lateral_tube_rim_secondary_landmark_21,
row416,x,Right_dorsal-lateral_tube_rim_secondary_landmark_22,
row417,x,Right_dorsal-lateral_tube_rim_secondary_landmark_23,
row418,x,Right_dorsal-lateral_tube_rim_secondary_landmark_24,
row419,x,Right_dorsal-lateral_tube_rim_secondary_landmark_25,
row420,x,Right_dorsal-lateral_tube_rim_proximal_end_primary_landmark,
row421,y,Left_dorsal_lobe_contour_upper_secondary_landmark_01,
row422,y,Left_dorsal_lobe_contour_upper_secondary_landmark_02,
row423,y,Left_dorsal_lobe_contour_upper_secondary_landmark_03,
row424,y,Left_dorsal_lobe_contour_upper_secondary_landmark_04,
row425,y,Left_dorsal_lobe_contour_upper_secondary_landmark_05,
row426,y,Left_dorsal_lobe_contour_upper_secondary_landmark_06,
row427,y,Left_dorsal_lobe_contour_upper_secondary_landmark_07,
row428,y,Left_dorsal_lobe_midrib_distal_end_primary_landmark,
row429,y,Left_dorsal_lobe_contour_lower_secondary_landmark_01,
row430,y,Left_dorsal_lobe_contour_lower_secondary_landmark_02,
row431,y,Left_dorsal_lobe_contour_lower_secondary_landmark_03,
row432,y,Left_dorsal_lobe_contour_lower_secondary_landmark_04,
row433,y,Left_dorsal_lobe_contour_lower_secondary_landmark_05,
row434,y,Left_dorsal_lobe_contour_lower_secondary_landmark_06,
row435,y,Left_dorsal_lobe_contour_lower_secondary_landmark_07,
row436,y,Left_dorsal-lateral_lobes_intersection_primary_landmark,identical to landmark_128
row437,y,Left_lateral_lobe_contour_upper_secondary_landmark_01,
row438,y,Left_lateral_lobe_contour_upper_secondary_landmark_02,
row439,y,Left_lateral_lobe_contour_upper_secondary_landmark_03,
row440,y,Left_lateral_lobe_contour_upper_secondary_landmark_04,
row441,y,Left_lateral_lobe_contour_upper_secondary_landmark_05,
row442,y,Left_lateral_lobe_contour_upper_secondary_landmark_06,
row443,y,Left_lateral_lobe_contour_upper_secondary_landmark_07,
row444,y,Left_lateral_lobe_midrib_distal_end,
row445,y,Left_lateral_lobe_contour_lower_secondary_landmark_01,
row446,y,Left_lateral_lobe_contour_lower_secondary_landmark_02,
row447,y,Left_lateral_lobe_contour_lower_secondary_landmark_03,
row448,y,Left_lateral_lobe_contour_lower_secondary_landmark_04,
row449,y,Left_lateral_lobe_contour_lower_secondary_landmark_05,
row450,y,Left_lateral_lobe_contour_lower_secondary_landmark_06,
row451,y,Left_lateral_lobe_contour_lower_secondary_landmark_07,
row452,y,Left_lateral-ventral_lobes_intersection_primary_landmark,identical to landmark_136
row453,y,Ventral_lobe_left_contour_secondary_landmark_01,
row454,y,Ventral_lobe_left_contour_secondary_landmark_02,
row455,y,Ventral_lobe_left_contour_secondary_landmark_03,
row456,y,Ventral_lobe_left_contour_secondary_landmark_04,
row457,y,Ventral_lobe_left_contour_secondary_landmark_05,
row458,y,Ventral_lobe_left_contour_secondary_landmark_06,
row459,y,Ventral_lobe_left_contour_secondary_landmark_07,
row460,y,Ventral_lobe_midrib_distal_end_primary_landmark,
row461,y,Ventral_lobe_right_contour_secondary_landmark_01,
row462,y,Ventral_lobe_right_contour_secondary_landmark_02,
row463,y,Ventral_lobe_right_contour_secondary_landmark_03,
row464,y,Ventral_lobe_right_contour_secondary_landmark_04,
row465,y,Ventral_lobe_right_contour_secondary_landmark_05,
row466,y,Ventral_lobe_right_contour_secondary_landmark_06,
row467,y,Ventral_lobe_right_contour_secondary_landmark_07,
row468,y,Right_lateral-ventral_lobes_intersection_primary_landmark,identical to landmark_144
row469,y,Right_lateral_lobe_contour_lower_secondary_landmark_01,
row470,y,Right_lateral_lobe_contour_lower_secondary_landmark_02,
row471,y,Right_lateral_lobe_contour_lower_secondary_landmark_03,
row472,y,Right_lateral_lobe_contour_lower_secondary_landmark_04,
row473,y,Right_lateral_lobe_contour_lower_secondary_landmark_05,
row474,y,Right_lateral_lobe_contour_lower_secondary_landmark_06,
row475,y,Right_lateral_lobe_contour_lower_secondary_landmark_07,
row476,y,Right_lateral_lobe_midrib_distal_end_primary_landmark,
row477,y,Right_lateral_lobe_contour_upper_secondary_landmark_01,
row478,y,Right_lateral_lobe_contour_upper_secondary_landmark_02,
row479,y,Right_lateral_lobe_contour_upper_secondary_landmark_03,
row480,y,Right_lateral_lobe_contour_upper_secondary_landmark_04,
row481,y,Right_lateral_lobe_contour_upper_secondary_landmark_05,
row482,y,Right_lateral_lobe_contour_upper_secondary_landmark_06,
row483,y,Right_lateral_lobe_contour_upper_secondary_landmark_07,
row484,y,Right_dorsal-lateral_lobes_intersection_primary_landmark,identical to landmark_152
row485,y,Right_dorsal_lobe_contour_lower_secondary_landmark_01,
row486,y,Right_dorsal_lobe_contour_lower_secondary_landmark_02,
row487,y,Right_dorsal_lobe_contour_lower_secondary_landmark_03,
row488,y,Right_dorsal_lobe_contour_lower_secondary_landmark_04,
row489,y,Right_dorsal_lobe_contour_lower_secondary_landmark_05,
row490,y,Right_dorsal_lobe_contour_lower_secondary_landmark_06,
row491,y,Right_dorsal_lobe_contour_lower_secondary_landmark_07,
row492,y,Right_dorsal_lobe_midrib_distal_end_primary_landmark,
row493,y,Right_dorsal_lobe_contour_upper_secondary_landmark_01,
row494,y,Right_dorsal_lobe_contour_upper_secondary_landmark_02,
row495,y,Right_dorsal_lobe_contour_upper_secondary_landmark_03,
row496,y,Right_dorsal_lobe_contour_upper_secondary_landmark_04,
row497,y,Right_dorsal_lobe_contour_upper_secondary_landmark_05,
row498,y,Right_dorsal_lobe_contour_upper_secondary_landmark_06,
row499,y,Right_dorsal_lobe_contour_upper_secondary_landmark_07,
row500,y,Dorsal-dorsal_lobes_intersection_primary_landmark,identical to landmark_160
row501,y,Left_dorsal_lobe_midrib_secondary_landmark_01,
row502,y,Left_dorsal_lobe_midrib_secondary_landmark_02,
row503,y,Left_dorsal_lobe_midrib_secondary_landmark_03,
row504,y,Left_dorsal_lobe_midrib_secondary_landmark_04,
row505,y,Left_dorsal_lobe_midrib_secondary_landmark_05,
row506,y,Left_dorsal_lobe_midrib_secondary_landmark_06,
row507,y,Left_dorsal_lobe_midrib_secondary_landmark_07,
row508,y,Left_dorsal_lobe_midrib_proximal_end_primary_landmark/Left_dorsal_tube_midrib_distal_end_primary_landmark,identical to landmark_124
row509,y,Left_lateral_lobe_midrib_secondary_landmark_01,
row510,y,Left_lateral_lobe_midrib_secondary_landmark_02,
row511,y,Left_lateral_lobe_midrib_secondary_landmark_03,
row512,y,Left_lateral_lobe_midrib_secondary_landmark_04,
row513,y,Left_lateral_lobe_midrib_secondary_landmark_05,
row514,y,Left_lateral_lobe_midrib_secondary_landmark_06,
row515,y,Left_lateral_lobe_midrib_secondary_landmark_07,
row516,y,Left_lateral_lobe_midrib_proximal_end_primary_landmark/Left_lateral_tube_midrib_distal_end_primary_landmark,identical to landmark_132
row517,y,Ventral_lobe_midrib_secondary_landmark_01,
row518,y,Ventral_lobe_midrib_secondary_landmark_02,
row519,y,Ventral_lobe_midrib_secondary_landmark_03,
row520,y,Ventral_lobe_midrib_secondary_landmark_04,
row521,y,Ventral_lobe_midrib_secondary_landmark_05,
row522,y,Ventral_lobe_midrib_secondary_landmark_06,
row523,y,Ventral_lobe_midrib_secondary_landmark_07,
row524,y,Ventral_lobe_midrib_proximal_end_primary_landmark/Ventral_tube_midrib_distal_end_primary_landmark,identical to landmark_140
row525,y,Right_lateral_lobe_midrib_secondary_landmark_01,
row526,y,Right_lateral_lobe_midrib_secondary_landmark_02,
row527,y,Right_lateral_lobe_midrib_secondary_landmark_03,
row528,y,Right_lateral_lobe_midrib_secondary_landmark_04,
row529,y,Right_lateral_lobe_midrib_secondary_landmark_05,
row530,y,Right_lateral_lobe_midrib_secondary_landmark_06,
row531,y,Right_lateral_lobe_midrib_secondary_landmark_07,
row532,y,Right_lateral_lobe_midrib_proximal_end_primary_landmark/Right_lateral_tube_midrib_distal_end_primary_landmark,identical to landmark_148
row533,y,Right_dorsal_lobe_midrib_secondary_landmark_01,
row534,y,Right_dorsal_lobe_midrib_secondary_landmark_02,
row535,y,Right_dorsal_lobe_midrib_secondary_landmark_03,
row536,y,Right_dorsal_lobe_midrib_secondary_landmark_04,
row537,y,Right_dorsal_lobe_midrib_secondary_landmark_05,
row538,y,Right_dorsal_lobe_midrib_secondary_landmark_06,
row539,y,Right_dorsal_lobe_midrib_secondary_landmark_07,
row540,y,Right_dorsal_lobe_midrib_proximal_end_primary_landmark/Right_dorsal_tube_midrib_distal_end_primary_landmark,identical to landmark_156
row541,y,Left_dorsal_lobe-tube_rim_upper_secondary_landmark_01,
row542,y,Left_dorsal_lobe-tube_rim_upper_secondary_landmark_02,
row543,y,Left_dorsal_lobe-tube_rim_upper_secondary_landmark_03,
row544,y,Left_dorsal_lobe_midrib_proximal_end_primary_landmark/Left_dorsal_tube_midrib_distal_end_primary_landmark,identical to landmark_088
row545,y,Left_dorsal_lobe-tube_rim_lower_secondary_landmark_01,
row546,y,Left_dorsal_lobe-tube_rim_lower_secondary_landmark_02,
row547,y,Left_dorsal_lobe-tube_rim_lower_secondary_landmark_03,
row548,y,Left_dorsal-lateral_lobes_intersection_primary_landmark,identical to landmark_016
row549,y,Left_lateral_lobe-tube_rim_upper_secondary_landmark_01,
row550,y,Left_lateral_lobe-tube_rim_upper_secondary_landmark_02,
row551,y,Left_lateral_lobe-tube_rim_upper_secondary_landmark_03,
row552,y,Left_lateral_lobe_midrib_proximal_end_primary_landmark/Left_lateral_tube_midrib_distal_end_primary_landmark,identical to landmark_096
row553,y,Left_lateral_lobe-tube_rim_lower_secondary_landmark_01,
row554,y,Left_lateral_lobe-tube_rim_lower_secondary_landmark_02,
row555,y,Left_lateral_lobe-tube_rim_lower_secondary_landmark_03,
row556,y,Left_lateral-ventral_lobes_intersection_primary_landmark,identical to landmark_032
row557,y,Ventral_lobe-tube_rim_left_secondary_landmark_01,
row558,y,Ventral_lobe-tube_rim_left_secondary_landmark_02,
row559,y,Ventral_lobe-tube_rim_left_secondary_landmark_03,
row560,y,Ventral_lobe_midrib_proximal_end_primary_landmark/Ventral_tube_midrib_distal_end_primary_landmark,identical to landmark_104
row561,y,Ventral_lobe-tube_rim_right_secondary_landmark_01,
row562,y,Ventral_lobe-tube_rim_right_secondary_landmark_02,
row563,y,Ventral_lobe-tube_rim_right_secondary_landmark_03,
row564,y,Right_lateral-ventral_lobes_intersection_primary_landmark,identical to landmark_048
row565,y,Right_lateral_lobe-tube_rim_lower_secondary_landmark_01,
row566,y,Right_lateral_lobe-tube_rim_lower_secondary_landmark_02,
row567,y,Right_lateral_lobe-tube_rim_lower_secondary_landmark_03,
row568,y,Right_lateral_lobe_midrib_proximal_end_primary_landmark/Right_lateral_tube_midrib_distal_end_primary_landmark,identical to landmark_112
row569,y,Right_lateral_lobe-tube_rim_upper_secondary_landmark_01,
row570,y,Right_lateral_lobe-tube_rim_upper_secondary_landmark_02,
row571,y,Right_lateral_lobe-tube_rim_upper_secondary_landmark_03,
row572,y,Right_dorsal-lateral_lobes_intersection_primary_landmark,identical to landmark_064
row573,y,Right_dorsal_lobe-tube_rim_lower_secondary_landmark_01,
row574,y,Right_dorsal_lobe-tube_rim_lower_secondary_landmark_02,
row575,y,Right_dorsal_lobe-tube_rim_lower_secondary_landmark_03,
row576,y,Right_dorsal_lobe_midrib_proximal_end_primary_landmark/Right_dorsal_tube_midrib_distal_end_primary_landmark,identical to landmark_120
row577,y,Right_dorsal_lobe-tube_rim_upper_secondary_landmark_01,
row578,y,Right_dorsal_lobe-tube_rim_upper_secondary_landmark_02,
row579,y,Right_dorsal_lobe-tube_rim_upper_secondary_landmark_03,
row580,y,Dorsal-dorsal_lobes_intersection_primary_landmark,identical to landmark_80
row581,y,Left_dorsal_tube_midrib_secondary_landmark_01,
row582,y,Left_dorsal_tube_midrib_secondary_landmark_02,
row583,y,Left_dorsal_tube_midrib_secondary_landmark_03,
row584,y,Left_dorsal_tube_midrib_secondary_landmark_04,
row585,y,Left_dorsal_tube_midrib_secondary_landmark_05,
row586,y,Left_dorsal_tube_midrib_secondary_landmark_06,
row587,y,Left_dorsal_tube_midrib_secondary_landmark_07,
row588,y,Left_dorsal_tube_midrib_secondary_landmark_08,
row589,y,Left_dorsal_tube_midrib_secondary_landmark_09,
row590,y,Left_dorsal_tube_midrib_secondary_landmark_10,
row591,y,Left_dorsal_tube_midrib_secondary_landmark_11,
row592,y,Left_dorsal_tube_midrib_secondary_landmark_12,
row593,y,Left_dorsal_tube_midrib_secondary_landmark_13,
row594,y,Left_dorsal_tube_midrib_secondary_landmark_14,
row595,y,Left_dorsal_tube_midrib_secondary_landmark_15,
row596,y,Left_dorsal_tube_midrib_secondary_landmark_16,
row597,y,Left_dorsal_tube_midrib_secondary_landmark_17,
row598,y,Left_dorsal_tube_midrib_secondary_landmark_18,
row599,y,Left_dorsal_tube_midrib_secondary_landmark_19,
row600,y,Left_dorsal_tube_midrib_secondary_landmark_20,
row601,y,Left_dorsal_tube_midrib_secondary_landmark_21,
row602,y,Left_dorsal_tube_midrib_secondary_landmark_22,
row603,y,Left_dorsal_tube_midrib_secondary_landmark_23,
row604,y,Left_dorsal_tube_midrib_secondary_landmark_24,
row605,y,Left_dorsal_tube_midrib_secondary_landmark_25,
row606,y,Left_dorsal_tube_midrib_proximal_end_primary_landmark,
row607,y,Left_lateral_tube_midrib_secondary_landmark_01,
row608,y,Left_lateral_tube_midrib_secondary_landmark_02,
row609,y,Left_lateral_tube_midrib_secondary_landmark_03,
row610,y,Left_lateral_tube_midrib_secondary_landmark_04,
row611,y,Left_lateral_tube_midrib_secondary_landmark_05,
row612,y,Left_lateral_tube_midrib_secondary_landmark_06,
row613,y,Left_lateral_tube_midrib_secondary_landmark_07,
row614,y,Left_lateral_tube_midrib_secondary_landmark_08,
row615,y,Left_lateral_tube_midrib_secondary_landmark_09,
row616,y,Left_lateral_tube_midrib_secondary_landmark_10,
row617,y,Left_lateral_tube_midrib_secondary_landmark_11,
row618,y,Left_lateral_tube_midrib_secondary_landmark_12,
row619,y,Left_lateral_tube_midrib_secondary_landmark_13,
row620,y,Left_lateral_tube_midrib_secondary_landmark_14,
row621,y,Left_lateral_tube_midrib_secondary_landmark_15,
row622,y,Left_lateral_tube_midrib_secondary_landmark_16,
row623,y,Left_lateral_tube_midrib_secondary_landmark_17,
row624,y,Left_lateral_tube_midrib_secondary_landmark_18,
row625,y,Left_lateral_tube_midrib_secondary_landmark_19,
row626,y,Left_lateral_tube_midrib_secondary_landmark_20,
row627,y,Left_lateral_tube_midrib_secondary_landmark_21,
row628,y,Left_lateral_tube_midrib_secondary_landmark_22,
row629,y,Left_lateral_tube_midrib_secondary_landmark_23,
row630,y,Left_lateral_tube_midrib_secondary_landmark_24,
row631,y,Left_lateral_tube_midrib_secondary_landmark_25,
row632,y,Left_lateral_tube_midrib_proximal_end_primary_landmark,
row633,y,Ventral_tube_midrib_secondary_landmark_01,
row634,y,Ventral_tube_midrib_secondary_landmark_02,
row635,y,Ventral_tube_midrib_secondary_landmark_03,
row636,y,Ventral_tube_midrib_secondary_landmark_04,
row637,y,Ventral_tube_midrib_secondary_landmark_05,
row638,y,Ventral_tube_midrib_secondary_landmark_06,
row639,y,Ventral_tube_midrib_secondary_landmark_07,
row640,y,Ventral_tube_midrib_secondary_landmark_08,
row641,y,Ventral_tube_midrib_secondary_landmark_09,
row642,y,Ventral_tube_midrib_secondary_landmark_10,
row643,y,Ventral_tube_midrib_secondary_landmark_11,
row644,y,Ventral_tube_midrib_secondary_landmark_12,
row645,y,Ventral_tube_midrib_secondary_landmark_13,
row646,y,Ventral_tube_midrib_secondary_landmark_14,
row647,y,Ventral_tube_midrib_secondary_landmark_15,
row648,y,Ventral_tube_midrib_secondary_landmark_16,
row649,y,Ventral_tube_midrib_secondary_landmark_17,
row650,y,Ventral_tube_midrib_secondary_landmark_18,
row651,y,Ventral_tube_midrib_secondary_landmark_19,
row652,y,Ventral_tube_midrib_secondary_landmark_20,
row653,y,Ventral_tube_midrib_secondary_landmark_21,
row654,y,Ventral_tube_midrib_secondary_landmark_22,
row655,y,Ventral_tube_midrib_secondary_landmark_23,
row656,y,Ventral_tube_midrib_secondary_landmark_24,
row657,y,Ventral_tube_midrib_secondary_landmark_25,
row658,y,Ventral_tube_midrib_proximal_end_primary_landmark,
row659,y,Right_lateral_tube_midrib_secondary_landmark_01,
row660,y,Right_lateral_tube_midrib_secondary_landmark_02,
row661,y,Right_lateral_tube_midrib_secondary_landmark_03,
row662,y,Right_lateral_tube_midrib_secondary_landmark_04,
row663,y,Right_lateral_tube_midrib_secondary_landmark_05,
row664,y,Right_lateral_tube_midrib_secondary_landmark_06,
row665,y,Right_lateral_tube_midrib_secondary_landmark_07,
row666,y,Right_lateral_tube_midrib_secondary_landmark_08,
row667,y,Right_lateral_tube_midrib_secondary_landmark_09,
row668,y,Right_lateral_tube_midrib_secondary_landmark_10,
row669,y,Right_lateral_tube_midrib_secondary_landmark_11,
row670,y,Right_lateral_tube_midrib_secondary_landmark_12,
row671,y,Right_lateral_tube_midrib_secondary_landmark_13,
row672,y,Right_lateral_tube_midrib_secondary_landmark_14,
row673,y,Right_lateral_tube_midrib_secondary_landmark_15,
row674,y,Right_lateral_tube_midrib_secondary_landmark_16,
row675,y,Right_lateral_tube_midrib_secondary_landmark_17,
row676,y,Right_lateral_tube_midrib_secondary_landmark_18,
row677,y,Right_lateral_tube_midrib_secondary_landmark_19,
row678,y,Right_lateral_tube_midrib_secondary_landmark_20,
row679,y,Right_lateral_tube_midrib_secondary_landmark_21,
row680,y,Right_lateral_tube_midrib_secondary_landmark_22,
row681,y,Right_lateral_tube_midrib_secondary_landmark_23,
row682,y,Right_lateral_tube_midrib_secondary_landmark_24,
row683,y,Right_lateral_tube_midrib_secondary_landmark_25,
row684,y,Right_lateral_tube_midrib_proximal_end_primary_landmark,
row685,y,Right_dorsal_tube_midrib_secondary_landmark_01,
row686,y,Right_dorsal_tube_midrib_secondary_landmark_02,
row687,y,Right_dorsal_tube_midrib_secondary_landmark_03,
row688,y,Right_dorsal_tube_midrib_secondary_landmark_04,
row689,y,Right_dorsal_tube_midrib_secondary_landmark_05,
row690,y,Right_dorsal_tube_midrib_secondary_landmark_06,
row691,y,Right_dorsal_tube_midrib_secondary_landmark_07,
row692,y,Right_dorsal_tube_midrib_secondary_landmark_08,
row693,y,Right_dorsal_tube_midrib_secondary_landmark_09,
row694,y,Right_dorsal_tube_midrib_secondary_landmark_10,
row695,y,Right_dorsal_tube_midrib_secondary_landmark_11,
row696,y,Right_dorsal_tube_midrib_secondary_landmark_12,
row697,y,Right_dorsal_tube_midrib_secondary_landmark_13,
row698,y,Right_dorsal_tube_midrib_secondary_landmark_14,
row699,y,Right_dorsal_tube_midrib_secondary_landmark_15,
row700,y,Right_dorsal_tube_midrib_secondary_landmark_16,
row701,y,Right_dorsal_tube_midrib_secondary_landmark_17,
row702,y,Right_dorsal_tube_midrib_secondary_landmark_18,
row703,y,Right_dorsal_tube_midrib_secondary_landmark_19,
row704,y,Right_dorsal_tube_midrib_secondary_landmark_20,
row705,y,Right_dorsal_tube_midrib_secondary_landmark_21,
row706,y,Right_dorsal_tube_midrib_secondary_landmark_22,
row707,y,Right_dorsal_tube_midrib_secondary_landmark_23,
row708,y,Right_dorsal_tube_midrib_secondary_landmark_24,
row709,y,Right_dorsal_tube_midrib_secondary_landmark_25,
row710,y,Right_dorsal_tube_midrib_proximal_end_primary_landmark,
row711,y,Dorsal-dorsal_tube_rim_secondary_landmark_01,
row712,y,Dorsal-dorsal_tube_rim_secondary_landmark_02,
row713,y,Dorsal-dorsal_tube_rim_secondary_landmark_03,
row714,y,Dorsal-dorsal_tube_rim_secondary_landmark_04,
row715,y,Dorsal-dorsal_tube_rim_secondary_landmark_05,
row716,y,Dorsal-dorsal_tube_rim_secondary_landmark_06,
row717,y,Dorsal-dorsal_tube_rim_secondary_landmark_07,
row718,y,Dorsal-dorsal_tube_rim_secondary_landmark_08,
row719,y,Dorsal-dorsal_tube_rim_secondary_landmark_09,
row720,y,Dorsal-dorsal_tube_rim_secondary_landmark_10,
row721,y,Dorsal-dorsal_tube_rim_secondary_landmark_11,
row722,y,Dorsal-dorsal_tube_rim_secondary_landmark_12,
row723,y,Dorsal-dorsal_tube_rim_secondary_landmark_13,
row724,y,Dorsal-dorsal_tube_rim_secondary_landmark_14,
row725,y,Dorsal-dorsal_tube_rim_secondary_landmark_15,
row726,y,Dorsal-dorsal_tube_rim_secondary_landmark_16,
row727,y,Dorsal-dorsal_tube_rim_secondary_landmark_17,
row728,y,Dorsal-dorsal_tube_rim_secondary_landmark_18,
row729,y,Dorsal-dorsal_tube_rim_secondary_landmark_19,
row730,y,Dorsal-dorsal_tube_rim_secondary_landmark_20,
row731,y,Dorsal-dorsal_tube_rim_secondary_landmark_21,
row732,y,Dorsal-dorsal_tube_rim_secondary_landmark_22,
row733,y,Dorsal-dorsal_tube_rim_secondary_landmark_23,
row734,y,Dorsal-dorsal_tube_rim_secondary_landmark_24,
row735,y,Dorsal-dorsal_tube_rim_secondary_landmark_25,
row736,y,Dorsal-dorsal_tube_rim_proximal_end_primary_landmark,
row737,y,Left_dorsal-lateral_tube_rim_secondary_landmark_01,
row738,y,Left_dorsal-lateral_tube_rim_secondary_landmark_02,
row739,y,Left_dorsal-lateral_tube_rim_secondary_landmark_03,
row740,y,Left_dorsal-lateral_tube_rim_secondary_landmark_04,
row741,y,Left_dorsal-lateral_tube_rim_secondary_landmark_05,
row742,y,Left_dorsal-lateral_tube_rim_secondary_landmark_06,
row743,y,Left_dorsal-lateral_tube_rim_secondary_landmark_07,
row744,y,Left_dorsal-lateral_tube_rim_secondary_landmark_08,
row745,y,Left_dorsal-lateral_tube_rim_secondary_landmark_09,
row746,y,Left_dorsal-lateral_tube_rim_secondary_landmark_10,
row747,y,Left_dorsal-lateral_tube_rim_secondary_landmark_11,
row748,y,Left_dorsal-lateral_tube_rim_secondary_landmark_12,
row749,y,Left_dorsal-lateral_tube_rim_secondary_landmark_13,
row750,y,Left_dorsal-lateral_tube_rim_secondary_landmark_14,
row751,y,Left_dorsal-lateral_tube_rim_secondary_landmark_15,
row752,y,Left_dorsal-lateral_tube_rim_secondary_landmark_16,
row753,y,Left_dorsal-lateral_tube_rim_secondary_landmark_17,
row754,y,Left_dorsal-lateral_tube_rim_secondary_landmark_18,
row755,y,Left_dorsal-lateral_tube_rim_secondary_landmark_19,
row756,y,Left_dorsal-lateral_tube_rim_secondary_landmark_20,
row757,y,Left_dorsal-lateral_tube_rim_secondary_landmark_21,
row758,y,Left_dorsal-lateral_tube_rim_secondary_landmark_22,
row759,y,Left_dorsal-lateral_tube_rim_secondary_landmark_23,
row760,y,Left_dorsal-lateral_tube_rim_secondary_landmark_24,
row761,y,Left_dorsal-lateral_tube_rim_secondary_landmark_25,
row762,y,Left_dorsal-lateral_tube_rim_proximal_end_primary_landmark,
row763,y,Left_lateral-ventral_tube_rim_secondary_landmark_01,
row764,y,Left_lateral-ventral_tube_rim_secondary_landmark_02,
row765,y,Left_lateral-ventral_tube_rim_secondary_landmark_03,
row766,y,Left_lateral-ventral_tube_rim_secondary_landmark_04,
row767,y,Left_lateral-ventral_tube_rim_secondary_landmark_05,
row768,y,Left_lateral-ventral_tube_rim_secondary_landmark_06,
row769,y,Left_lateral-ventral_tube_rim_secondary_landmark_07,
row770,y,Left_lateral-ventral_tube_rim_secondary_landmark_08,
row771,y,Left_lateral-ventral_tube_rim_secondary_landmark_09,
row772,y,Left_lateral-ventral_tube_rim_secondary_landmark_10,
row773,y,Left_lateral-ventral_tube_rim_secondary_landmark_11,
row774,y,Left_lateral-ventral_tube_rim_secondary_landmark_12,
row775,y,Left_lateral-ventral_tube_rim_secondary_landmark_13,
row776,y,Left_lateral-ventral_tube_rim_secondary_landmark_14,
row777,y,Left_lateral-ventral_tube_rim_secondary_landmark_15,
row778,y,Left_lateral-ventral_tube_rim_secondary_landmark_16,
row779,y,Left_lateral-ventral_tube_rim_secondary_landmark_17,
row780,y,Left_lateral-ventral_tube_rim_secondary_landmark_18,
row781,y,Left_lateral-ventral_tube_rim_secondary_landmark_19,
row782,y,Left_lateral-ventral_tube_rim_secondary_landmark_20,
row783,y,Left_lateral-ventral_tube_rim_secondary_landmark_21,
row784,y,Left_lateral-ventral_tube_rim_secondary_landmark_22,
row785,y,Left_lateral-ventral_tube_rim_secondary_landmark_23,
row786,y,Left_lateral-ventral_tube_rim_secondary_landmark_24,
row787,y,Left_lateral-ventral_tube_rim_secondary_landmark_25,
row788,y,Left_lateral-ventral_tube_rim_proximal_end_primary_landmark,
row789,y,Right_lateral-ventral_tube_rim_secondary_landmark_01,
row790,y,Right_lateral-ventral_tube_rim_secondary_landmark_02,
row791,y,Right_lateral-ventral_tube_rim_secondary_landmark_03,
row792,y,Right_lateral-ventral_tube_rim_secondary_landmark_04,
row793,y,Right_lateral-ventral_tube_rim_secondary_landmark_05,
row794,y,Right_lateral-ventral_tube_rim_secondary_landmark_06,
row795,y,Right_lateral-ventral_tube_rim_secondary_landmark_07,
row796,y,Right_lateral-ventral_tube_rim_secondary_landmark_08,
row797,y,Right_lateral-ventral_tube_rim_secondary_landmark_09,
row798,y,Right_lateral-ventral_tube_rim_secondary_landmark_10,
row799,y,Right_lateral-ventral_tube_rim_secondary_landmark_11,
row800,y,Right_lateral-ventral_tube_rim_secondary_landmark_12,
row801,y,Right_lateral-ventral_tube_rim_secondary_landmark_13,
row802,y,Right_lateral-ventral_tube_rim_secondary_landmark_14,
row803,y,Right_lateral-ventral_tube_rim_secondary_landmark_15,
row804,y,Right_lateral-ventral_tube_rim_secondary_landmark_16,
row805,y,Right_lateral-ventral_tube_rim_secondary_landmark_17,
row806,y,Right_lateral-ventral_tube_rim_secondary_landmark_18,
row807,y,Right_lateral-ventral_tube_rim_secondary_landmark_19,
row808,y,Right_lateral-ventral_tube_rim_secondary_landmark_20,
row809,y,Right_lateral-ventral_tube_rim_secondary_landmark_21,
row810,y,Right_lateral-ventral_tube_rim_secondary_landmark_22,
row811,y,Right_lateral-ventral_tube_rim_secondary_landmark_23,
row812,y,Right_lateral-ventral_tube_rim_secondary_landmark_24,
row813,y,Right_lateral-ventral_tube_rim_secondary_landmark_25,
row814,y,Right_lateral-ventral_tube_rim_proximal_end_primary_landmark,
row815,y,Right_dorsal-lateral_tube_rim_secondary_landmark_01,
row816,y,Right_dorsal-lateral_tube_rim_secondary_landmark_02,
row817,y,Right_dorsal-lateral_tube_rim_secondary_landmark_03,
row818,y,Right_dorsal-lateral_tube_rim_secondary_landmark_04,
row819,y,Right_dorsal-lateral_tube_rim_secondary_landmark_05,
row820,y,Right_dorsal-lateral_tube_rim_secondary_landmark_06,
row821,y,Right_dorsal-lateral_tube_rim_secondary_landmark_07,
row822,y,Right_dorsal-lateral_tube_rim_secondary_landmark_08,
row823,y,Right_dorsal-lateral_tube_rim_secondary_landmark_09,
row824,y,Right_dorsal-lateral_tube_rim_secondary_landmark_10,
row825,y,Right_dorsal-lateral_tube_rim_secondary_landmark_11,
row826,y,Right_dorsal-lateral_tube_rim_secondary_landmark_12,
row827,y,Right_dorsal-lateral_tube_rim_secondary_landmark_13,
row828,y,Right_dorsal-lateral_tube_rim_secondary_landmark_14,
row829,y,Right_dorsal-lateral_tube_rim_secondary_landmark_15,
row830,y,Right_dorsal-lateral_tube_rim_secondary_landmark_16,
row831,y,Right_dorsal-lateral_tube_rim_secondary_landmark_17,
row832,y,Right_dorsal-lateral_tube_rim_secondary_landmark_18,
row833,y,Right_dorsal-lateral_tube_rim_secondary_landmark_19,
row834,y,Right_dorsal-lateral_tube_rim_secondary_landmark_20,
row835,y,Right_dorsal-lateral_tube_rim_secondary_landmark_21,
row836,y,Right_dorsal-lateral_tube_rim_secondary_landmark_22,
row837,y,Right_dorsal-lateral_tube_rim_secondary_landmark_23,
row838,y,Right_dorsal-lateral_tube_rim_secondary_landmark_24,
row839,y,Right_dorsal-lateral_tube_rim_secondary_landmark_25,
row840,y,Right_dorsal-lateral_tube_rim_proximal_end_primary_landmark,
row841,z,Left_dorsal_lobe_contour_upper_secondary_landmark_01,
row842,z,Left_dorsal_lobe_contour_upper_secondary_landmark_02,
row843,z,Left_dorsal_lobe_contour_upper_secondary_landmark_03,
row844,z,Left_dorsal_lobe_contour_upper_secondary_landmark_04,
row845,z,Left_dorsal_lobe_contour_upper_secondary_landmark_05,
row846,z,Left_dorsal_lobe_contour_upper_secondary_landmark_06,
row847,z,Left_dorsal_lobe_contour_upper_secondary_landmark_07,
row848,z,Left_dorsal_lobe_midrib_distal_end_primary_landmark,
row849,z,Left_dorsal_lobe_contour_lower_secondary_landmark_01,
row850,z,Left_dorsal_lobe_contour_lower_secondary_landmark_02,
row851,z,Left_dorsal_lobe_contour_lower_secondary_landmark_03,
row852,z,Left_dorsal_lobe_contour_lower_secondary_landmark_04,
row853,z,Left_dorsal_lobe_contour_lower_secondary_landmark_05,
row854,z,Left_dorsal_lobe_contour_lower_secondary_landmark_06,
row855,z,Left_dorsal_lobe_contour_lower_secondary_landmark_07,
row856,z,Left_dorsal-lateral_lobes_intersection_primary_landmark,identical to landmark_128
row857,z,Left_lateral_lobe_contour_upper_secondary_landmark_01,
row858,z,Left_lateral_lobe_contour_upper_secondary_landmark_02,
row859,z,Left_lateral_lobe_contour_upper_secondary_landmark_03,
row860,z,Left_lateral_lobe_contour_upper_secondary_landmark_04,
row861,z,Left_lateral_lobe_contour_upper_secondary_landmark_05,
row862,z,Left_lateral_lobe_contour_upper_secondary_landmark_06,
row863,z,Left_lateral_lobe_contour_upper_secondary_landmark_07,
row864,z,Left_lateral_lobe_midrib_distal_end,
row865,z,Left_lateral_lobe_contour_lower_secondary_landmark_01,
row866,z,Left_lateral_lobe_contour_lower_secondary_landmark_02,
row867,z,Left_lateral_lobe_contour_lower_secondary_landmark_03,
row868,z,Left_lateral_lobe_contour_lower_secondary_landmark_04,
row869,z,Left_lateral_lobe_contour_lower_secondary_landmark_05,
row870,z,Left_lateral_lobe_contour_lower_secondary_landmark_06,
row871,z,Left_lateral_lobe_contour_lower_secondary_landmark_07,
row872,z,Left_lateral-ventral_lobes_intersection_primary_landmark,identical to landmark_136
row873,z,Ventral_lobe_left_contour_secondary_landmark_01,
row874,z,Ventral_lobe_left_contour_secondary_landmark_02,
row875,z,Ventral_lobe_left_contour_secondary_landmark_03,
row876,z,Ventral_lobe_left_contour_secondary_landmark_04,
row877,z,Ventral_lobe_left_contour_secondary_landmark_05,
row878,z,Ventral_lobe_left_contour_secondary_landmark_06,
row879,z,Ventral_lobe_left_contour_secondary_landmark_07,
row880,z,Ventral_lobe_midrib_distal_end_primary_landmark,
row881,z,Ventral_lobe_right_contour_secondary_landmark_01,
row882,z,Ventral_lobe_right_contour_secondary_landmark_02,
row883,z,Ventral_lobe_right_contour_secondary_landmark_03,
row884,z,Ventral_lobe_right_contour_secondary_landmark_04,
row885,z,Ventral_lobe_right_contour_secondary_landmark_05,
row886,z,Ventral_lobe_right_contour_secondary_landmark_06,
row887,z,Ventral_lobe_right_contour_secondary_landmark_07,
row888,z,Right_lateral-ventral_lobes_intersection_primary_landmark,identical to landmark_144
row889,z,Right_lateral_lobe_contour_lower_secondary_landmark_01,
row890,z,Right_lateral_lobe_contour_lower_secondary_landmark_02,
row891,z,Right_lateral_lobe_contour_lower_secondary_landmark_03,
row892,z,Right_lateral_lobe_contour_lower_secondary_landmark_04,
row893,z,Right_lateral_lobe_contour_lower_secondary_landmark_05,
row894,z,Right_lateral_lobe_contour_lower_secondary_landmark_06,
row895,z,Right_lateral_lobe_contour_lower_secondary_landmark_07,
row896,z,Right_lateral_lobe_midrib_distal_end_primary_landmark,
row897,z,Right_lateral_lobe_contour_upper_secondary_landmark_01,
row898,z,Right_lateral_lobe_contour_upper_secondary_landmark_02,
row899,z,Right_lateral_lobe_contour_upper_secondary_landmark_03,
row900,z,Right_lateral_lobe_contour_upper_secondary_landmark_04,
row901,z,Right_lateral_lobe_contour_upper_secondary_landmark_05,
row902,z,Right_lateral_lobe_contour_upper_secondary_landmark_06,
row903,z,Right_lateral_lobe_contour_upper_secondary_landmark_07,
row904,z,Right_dorsal-lateral_lobes_intersection_primary_landmark,identical to landmark_152
row905,z,Right_dorsal_lobe_contour_lower_secondary_landmark_01,
row906,z,Right_dorsal_lobe_contour_lower_secondary_landmark_02,
row907,z,Right_dorsal_lobe_contour_lower_secondary_landmark_03,
row908,z,Right_dorsal_lobe_contour_lower_secondary_landmark_04,
row909,z,Right_dorsal_lobe_contour_lower_secondary_landmark_05,
row910,z,Right_dorsal_lobe_contour_lower_secondary_landmark_06,
row911,z,Right_dorsal_lobe_contour_lower_secondary_landmark_07,
row912,z,Right_dorsal_lobe_midrib_distal_end_primary_landmark,
row913,z,Right_dorsal_lobe_contour_upper_secondary_landmark_01,
row914,z,Right_dorsal_lobe_contour_upper_secondary_landmark_02,
row915,z,Right_dorsal_lobe_contour_upper_secondary_landmark_03,
row916,z,Right_dorsal_lobe_contour_upper_secondary_landmark_04,
row917,z,Right_dorsal_lobe_contour_upper_secondary_landmark_05,
row918,z,Right_dorsal_lobe_contour_upper_secondary_landmark_06,
row919,z,Right_dorsal_lobe_contour_upper_secondary_landmark_07,
row920,z,Dorsal-dorsal_lobes_intersection_primary_landmark,identical to landmark_160
row921,z,Left_dorsal_lobe_midrib_secondary_landmark_01,
row922,z,Left_dorsal_lobe_midrib_secondary_landmark_02,
row923,z,Left_dorsal_lobe_midrib_secondary_landmark_03,
row924,z,Left_dorsal_lobe_midrib_secondary_landmark_04,
row925,z,Left_dorsal_lobe_midrib_secondary_landmark_05,
row926,z,Left_dorsal_lobe_midrib_secondary_landmark_06,
row927,z,Left_dorsal_lobe_midrib_secondary_landmark_07,
row928,z,Left_dorsal_lobe_midrib_proximal_end_primary_landmark/Left_dorsal_tube_midrib_distal_end_primary_landmark,identical to landmark_124
row929,z,Left_lateral_lobe_midrib_secondary_landmark_01,
row930,z,Left_lateral_lobe_midrib_secondary_landmark_02,
row931,z,Left_lateral_lobe_midrib_secondary_landmark_03,
row932,z,Left_lateral_lobe_midrib_secondary_landmark_04,
row933,z,Left_lateral_lobe_midrib_secondary_landmark_05,
row934,z,Left_lateral_lobe_midrib_secondary_landmark_06,
row935,z,Left_lateral_lobe_midrib_secondary_landmark_07,
row936,z,Left_lateral_lobe_midrib_proximal_end_primary_landmark/Left_lateral_tube_midrib_distal_end_primary_landmark,identical to landmark_132
row937,z,Ventral_lobe_midrib_secondary_landmark_01,
row938,z,Ventral_lobe_midrib_secondary_landmark_02,
row939,z,Ventral_lobe_midrib_secondary_landmark_03,
row940,z,Ventral_lobe_midrib_secondary_landmark_04,
row941,z,Ventral_lobe_midrib_secondary_landmark_05,
row942,z,Ventral_lobe_midrib_secondary_landmark_06,
row943,z,Ventral_lobe_midrib_secondary_landmark_07,
row944,z,Ventral_lobe_midrib_proximal_end_primary_landmark/Ventral_tube_midrib_distal_end_primary_landmark,identical to landmark_140
row945,z,Right_lateral_lobe_midrib_secondary_landmark_01,
row946,z,Right_lateral_lobe_midrib_secondary_landmark_02,
row947,z,Right_lateral_lobe_midrib_secondary_landmark_03,
row948,z,Right_lateral_lobe_midrib_secondary_landmark_04,
row949,z,Right_lateral_lobe_midrib_secondary_landmark_05,
row950,z,Right_lateral_lobe_midrib_secondary_landmark_06,
row951,z,Right_lateral_lobe_midrib_secondary_landmark_07,
row952,z,Right_lateral_lobe_midrib_proximal_end_primary_landmark/Right_lateral_tube_midrib_distal_end_primary_landmark,identical to landmark_148
row953,z,Right_dorsal_lobe_midrib_secondary_landmark_01,
row954,z,Right_dorsal_lobe_midrib_secondary_landmark_02,
row955,z,Right_dorsal_lobe_midrib_secondary_landmark_03,
row956,z,Right_dorsal_lobe_midrib_secondary_landmark_04,
row957,z,Right_dorsal_lobe_midrib_secondary_landmark_05,
row958,z,Right_dorsal_lobe_midrib_secondary_landmark_06,
row959,z,Right_dorsal_lobe_midrib_secondary_landmark_07,
row960,z,Right_dorsal_lobe_midrib_proximal_end_primary_landmark/Right_dorsal_tube_midrib_distal_end_primary_landmark,identical to landmark_156
row961,z,Left_dorsal_lobe-tube_rim_upper_secondary_landmark_01,
row962,z,Left_dorsal_lobe-tube_rim_upper_secondary_landmark_02,
row963,z,Left_dorsal_lobe-tube_rim_upper_secondary_landmark_03,
row964,z,Left_dorsal_lobe_midrib_proximal_end_primary_landmark/Left_dorsal_tube_midrib_distal_end_primary_landmark,identical to landmark_088
row965,z,Left_dorsal_lobe-tube_rim_lower_secondary_landmark_01,
row966,z,Left_dorsal_lobe-tube_rim_lower_secondary_landmark_02,
row967,z,Left_dorsal_lobe-tube_rim_lower_secondary_landmark_03,
row968,z,Left_dorsal-lateral_lobes_intersection_primary_landmark,identical to landmark_016
row969,z,Left_lateral_lobe-tube_rim_upper_secondary_landmark_01,
row970,z,Left_lateral_lobe-tube_rim_upper_secondary_landmark_02,
row971,z,Left_lateral_lobe-tube_rim_upper_secondary_landmark_03,
row972,z,Left_lateral_lobe_midrib_proximal_end_primary_landmark/Left_lateral_tube_midrib_distal_end_primary_landmark,identical to landmark_096
row973,z,Left_lateral_lobe-tube_rim_lower_secondary_landmark_01,
row974,z,Left_lateral_lobe-tube_rim_lower_secondary_landmark_02,
row975,z,Left_lateral_lobe-tube_rim_lower_secondary_landmark_03,
row976,z,Left_lateral-ventral_lobes_intersection_primary_landmark,identical to landmark_032
row977,z,Ventral_lobe-tube_rim_left_secondary_landmark_01,
row978,z,Ventral_lobe-tube_rim_left_secondary_landmark_02,
row979,z,Ventral_lobe-tube_rim_left_secondary_landmark_03,
row980,z,Ventral_lobe_midrib_proximal_end_primary_landmark/Ventral_tube_midrib_distal_end_primary_landmark,identical to landmark_104
row981,z,Ventral_lobe-tube_rim_right_secondary_landmark_01,
row982,z,Ventral_lobe-tube_rim_right_secondary_landmark_02,
row983,z,Ventral_lobe-tube_rim_right_secondary_landmark_03,
row984,z,Right_lateral-ventral_lobes_intersection_primary_landmark,identical to landmark_048
row985,z,Right_lateral_lobe-tube_rim_lower_secondary_landmark_01,
row986,z,Right_lateral_lobe-tube_rim_lower_secondary_landmark_02,
row987,z,Right_lateral_lobe-tube_rim_lower_secondary_landmark_03,
row988,z,Right_lateral_lobe_midrib_proximal_end_primary_landmark/Right_lateral_tube_midrib_distal_end_primary_landmark,identical to landmark_112
row989,z,Right_lateral_lobe-tube_rim_upper_secondary_landmark_01,
row990,z,Right_lateral_lobe-tube_rim_upper_secondary_landmark_02,
row991,z,Right_lateral_lobe-tube_rim_upper_secondary_landmark_03,
row992,z,Right_dorsal-lateral_lobes_intersection_primary_landmark,identical to landmark_064
row993,z,Right_dorsal_lobe-tube_rim_lower_secondary_landmark_01,
row994,z,Right_dorsal_lobe-tube_rim_lower_secondary_landmark_02,
row995,z,Right_dorsal_lobe-tube_rim_lower_secondary_landmark_03,
row996,z,Right_dorsal_lobe_midrib_proximal_end_primary_landmark/Right_dorsal_tube_midrib_distal_end_primary_landmark,identical to landmark_120
row997,z,Right_dorsal_lobe-tube_rim_upper_secondary_landmark_01,
row998,z,Right_dorsal_lobe-tube_rim_upper_secondary_landmark_02,
row999,z,Right_dorsal_lobe-tube_rim_upper_secondary_landmark_03,
row1000,z,Dorsal-dorsal_lobes_intersection_primary_landmark,identical to landmark_80
row1001,z,Left_dorsal_tube_midrib_secondary_landmark_01,
row1002,z,Left_dorsal_tube_midrib_secondary_landmark_02,
row1003,z,Left_dorsal_tube_midrib_secondary_landmark_03,
row1004,z,Left_dorsal_tube_midrib_secondary_landmark_04,
row1005,z,Left_dorsal_tube_midrib_secondary_landmark_05,
row1006,z,Left_dorsal_tube_midrib_secondary_landmark_06,
row1007,z,Left_dorsal_tube_midrib_secondary_landmark_07,
row1008,z,Left_dorsal_tube_midrib_secondary_landmark_08,
row1009,z,Left_dorsal_tube_midrib_secondary_landmark_09,
row1010,z,Left_dorsal_tube_midrib_secondary_landmark_10,
row1011,z,Left_dorsal_tube_midrib_secondary_landmark_11,
row1012,z,Left_dorsal_tube_midrib_secondary_landmark_12,
row1013,z,Left_dorsal_tube_midrib_secondary_landmark_13,
row1014,z,Left_dorsal_tube_midrib_secondary_landmark_14,
row1015,z,Left_dorsal_tube_midrib_secondary_landmark_15,
row1016,z,Left_dorsal_tube_midrib_secondary_landmark_16,
row1017,z,Left_dorsal_tube_midrib_secondary_landmark_17,
row1018,z,Left_dorsal_tube_midrib_secondary_landmark_18,
row1019,z,Left_dorsal_tube_midrib_secondary_landmark_19,
row1020,z,Left_dorsal_tube_midrib_secondary_landmark_20,
row1021,z,Left_dorsal_tube_midrib_secondary_landmark_21,
row1022,z,Left_dorsal_tube_midrib_secondary_landmark_22,
row1023,z,Left_dorsal_tube_midrib_secondary_landmark_23,
row1024,z,Left_dorsal_tube_midrib_secondary_landmark_24,
row1025,z,Left_dorsal_tube_midrib_secondary_landmark_25,
row1026,z,Left_dorsal_tube_midrib_proximal_end_primary_landmark,
row1027,z,Left_lateral_tube_midrib_secondary_landmark_01,
row1028,z,Left_lateral_tube_midrib_secondary_landmark_02,
row1029,z,Left_lateral_tube_midrib_secondary_landmark_03,
row1030,z,Left_lateral_tube_midrib_secondary_landmark_04,
row1031,z,Left_lateral_tube_midrib_secondary_landmark_05,
row1032,z,Left_lateral_tube_midrib_secondary_landmark_06,
row1033,z,Left_lateral_tube_midrib_secondary_landmark_07,
row1034,z,Left_lateral_tube_midrib_secondary_landmark_08,
row1035,z,Left_lateral_tube_midrib_secondary_landmark_09,
row1036,z,Left_lateral_tube_midrib_secondary_landmark_10,
row1037,z,Left_lateral_tube_midrib_secondary_landmark_11,
row1038,z,Left_lateral_tube_midrib_secondary_landmark_12,
row1039,z,Left_lateral_tube_midrib_secondary_landmark_13,
row1040,z,Left_lateral_tube_midrib_secondary_landmark_14,
row1041,z,Left_lateral_tube_midrib_secondary_landmark_15,
row1042,z,Left_lateral_tube_midrib_secondary_landmark_16,
row1043,z,Left_lateral_tube_midrib_secondary_landmark_17,
row1044,z,Left_lateral_tube_midrib_secondary_landmark_18,
row1045,z,Left_lateral_tube_midrib_secondary_landmark_19,
row1046,z,Left_lateral_tube_midrib_secondary_landmark_20,
row1047,z,Left_lateral_tube_midrib_secondary_landmark_21,
row1048,z,Left_lateral_tube_midrib_secondary_landmark_22,
row1049,z,Left_lateral_tube_midrib_secondary_landmark_23,
row1050,z,Left_lateral_tube_midrib_secondary_landmark_24,
row1051,z,Left_lateral_tube_midrib_secondary_landmark_25,
row1052,z,Left_lateral_tube_midrib_proximal_end_primary_landmark,
row1053,z,Ventral_tube_midrib_secondary_landmark_01,
row1054,z,Ventral_tube_midrib_secondary_landmark_02,
row1055,z,Ventral_tube_midrib_secondary_landmark_03,
row1056,z,Ventral_tube_midrib_secondary_landmark_04,
row1057,z,Ventral_tube_midrib_secondary_landmark_05,
row1058,z,Ventral_tube_midrib_secondary_landmark_06,
row1059,z,Ventral_tube_midrib_secondary_landmark_07,
row1060,z,Ventral_tube_midrib_secondary_landmark_08,
row1061,z,Ventral_tube_midrib_secondary_landmark_09,
row1062,z,Ventral_tube_midrib_secondary_landmark_10,
row1063,z,Ventral_tube_midrib_secondary_landmark_11,
row1064,z,Ventral_tube_midrib_secondary_landmark_12,
row1065,z,Ventral_tube_midrib_secondary_landmark_13,
row1066,z,Ventral_tube_midrib_secondary_landmark_14,
row1067,z,Ventral_tube_midrib_secondary_landmark_15,
row1068,z,Ventral_tube_midrib_secondary_landmark_16,
row1069,z,Ventral_tube_midrib_secondary_landmark_17,
row1070,z,Ventral_tube_midrib_secondary_landmark_18,
row1071,z,Ventral_tube_midrib_secondary_landmark_19,
row1072,z,Ventral_tube_midrib_secondary_landmark_20,
row1073,z,Ventral_tube_midrib_secondary_landmark_21,
row1074,z,Ventral_tube_midrib_secondary_landmark_22,
row1075,z,Ventral_tube_midrib_secondary_landmark_23,
row1076,z,Ventral_tube_midrib_secondary_landmark_24,
row1077,z,Ventral_tube_midrib_secondary_landmark_25,
row1078,z,Ventral_tube_midrib_proximal_end_primary_landmark,
row1079,z,Right_lateral_tube_midrib_secondary_landmark_01,
row1080,z,Right_lateral_tube_midrib_secondary_landmark_02,
row1081,z,Right_lateral_tube_midrib_secondary_landmark_03,
row1082,z,Right_lateral_tube_midrib_secondary_landmark_04,
row1083,z,Right_lateral_tube_midrib_secondary_landmark_05,
row1084,z,Right_lateral_tube_midrib_secondary_landmark_06,
row1085,z,Right_lateral_tube_midrib_secondary_landmark_07,
row1086,z,Right_lateral_tube_midrib_secondary_landmark_08,
row1087,z,Right_lateral_tube_midrib_secondary_landmark_09,
row1088,z,Right_lateral_tube_midrib_secondary_landmark_10,
row1089,z,Right_lateral_tube_midrib_secondary_landmark_11,
row1090,z,Right_lateral_tube_midrib_secondary_landmark_12,
row1091,z,Right_lateral_tube_midrib_secondary_landmark_13,
row1092,z,Right_lateral_tube_midrib_secondary_landmark_14,
row1093,z,Right_lateral_tube_midrib_secondary_landmark_15,
row1094,z,Right_lateral_tube_midrib_secondary_landmark_16,
row1095,z,Right_lateral_tube_midrib_secondary_landmark_17,
row1096,z,Right_lateral_tube_midrib_secondary_landmark_18,
row1097,z,Right_lateral_tube_midrib_secondary_landmark_19,
row1098,z,Right_lateral_tube_midrib_secondary_landmark_20,
row1099,z,Right_lateral_tube_midrib_secondary_landmark_21,
row1100,z,Right_lateral_tube_midrib_secondary_landmark_22,
row1101,z,Right_lateral_tube_midrib_secondary_landmark_23,
row1102,z,Right_lateral_tube_midrib_secondary_landmark_24,
row1103,z,Right_lateral_tube_midrib_secondary_landmark_25,
row1104,z,Right_lateral_tube_midrib_proximal_end_primary_landmark,
row1105,z,Right_dorsal_tube_midrib_secondary_landmark_01,
row1106,z,Right_dorsal_tube_midrib_secondary_landmark_02,
row1107,z,Right_dorsal_tube_midrib_secondary_landmark_03,
row1108,z,Right_dorsal_tube_midrib_secondary_landmark_04,
row1109,z,Right_dorsal_tube_midrib_secondary_landmark_05,
row1110,z,Right_dorsal_tube_midrib_secondary_landmark_06,
row1111,z,Right_dorsal_tube_midrib_secondary_landmark_07,
row1112,z,Right_dorsal_tube_midrib_secondary_landmark_08,
row1113,z,Right_dorsal_tube_midrib_secondary_landmark_09,
row1114,z,Right_dorsal_tube_midrib_secondary_landmark_10,
row1115,z,Right_dorsal_tube_midrib_secondary_landmark_11,
row1116,z,Right_dorsal_tube_midrib_secondary_landmark_12,
row1117,z,Right_dorsal_tube_midrib_secondary_landmark_13,
row1118,z,Right_dorsal_tube_midrib_secondary_landmark_14,
row1119,z,Right_dorsal_tube_midrib_secondary_landmark_15,
row1120,z,Right_dorsal_tube_midrib_secondary_landmark_16,
row1121,z,Right_dorsal_tube_midrib_secondary_landmark_17,
row1122,z,Right_dorsal_tube_midrib_secondary_landmark_18,
row1123,z,Right_dorsal_tube_midrib_secondary_landmark_19,
row1124,z,Right_dorsal_tube_midrib_secondary_landmark_20,
row1125,z,Right_dorsal_tube_midrib_secondary_landmark_21,
row1126,z,Right_dorsal_tube_midrib_secondary_landmark_22,
row1127,z,Right_dorsal_tube_midrib_secondary_landmark_23,
row1128,z,Right_dorsal_tube_midrib_secondary_landmark_24,
row1129,z,Right_dorsal_tube_midrib_secondary_landmark_25,
row1130,z,Right_dorsal_tube_midrib_proximal_end_primary_landmark,
row1131,z,Dorsal-dorsal_tube_rim_secondary_landmark_01,
row1132,z,Dorsal-dorsal_tube_rim_secondary_landmark_02,
row1133,z,Dorsal-dorsal_tube_rim_secondary_landmark_03,
row1134,z,Dorsal-dorsal_tube_rim_secondary_landmark_04,
row1135,z,Dorsal-dorsal_tube_rim_secondary_landmark_05,
row1136,z,Dorsal-dorsal_tube_rim_secondary_landmark_06,
row1137,z,Dorsal-dorsal_tube_rim_secondary_landmark_07,
row1138,z,Dorsal-dorsal_tube_rim_secondary_landmark_08,
row1139,z,Dorsal-dorsal_tube_rim_secondary_landmark_09,
row1140,z,Dorsal-dorsal_tube_rim_secondary_landmark_10,
row1141,z,Dorsal-dorsal_tube_rim_secondary_landmark_11,
row1142,z,Dorsal-dorsal_tube_rim_secondary_landmark_12,
row1143,z,Dorsal-dorsal_tube_rim_secondary_landmark_13,
row1144,z,Dorsal-dorsal_tube_rim_secondary_landmark_14,
row1145,z,Dorsal-dorsal_tube_rim_secondary_landmark_15,
row1146,z,Dorsal-dorsal_tube_rim_secondary_landmark_16,
row1147,z,Dorsal-dorsal_tube_rim_secondary_landmark_17,
row1148,z,Dorsal-dorsal_tube_rim_secondary_landmark_18,
row1149,z,Dorsal-dorsal_tube_rim_secondary_landmark_19,
row1150,z,Dorsal-dorsal_tube_rim_secondary_landmark_20,
row1151,z,Dorsal-dorsal_tube_rim_secondary_landmark_21,
row1152,z,Dorsal-dorsal_tube_rim_secondary_landmark_22,
row1153,z,Dorsal-dorsal_tube_rim_secondary_landmark_23,
row1154,z,Dorsal-dorsal_tube_rim_secondary_landmark_24,
row1155,z,Dorsal-dorsal_tube_rim_secondary_landmark_25,
row1156,z,Dorsal-dorsal_tube_rim_proximal_end_primary_landmark,
row1157,z,Left_dorsal-lateral_tube_rim_secondary_landmark_01,
row1158,z,Left_dorsal-lateral_tube_rim_secondary_landmark_02,
row1159,z,Left_dorsal-lateral_tube_rim_secondary_landmark_03,
row1160,z,Left_dorsal-lateral_tube_rim_secondary_landmark_04,
row1161,z,Left_dorsal-lateral_tube_rim_secondary_landmark_05,
row1162,z,Left_dorsal-lateral_tube_rim_secondary_landmark_06,
row1163,z,Left_dorsal-lateral_tube_rim_secondary_landmark_07,
row1164,z,Left_dorsal-lateral_tube_rim_secondary_landmark_08,
row1165,z,Left_dorsal-lateral_tube_rim_secondary_landmark_09,
row1166,z,Left_dorsal-lateral_tube_rim_secondary_landmark_10,
row1167,z,Left_dorsal-lateral_tube_rim_secondary_landmark_11,
row1168,z,Left_dorsal-lateral_tube_rim_secondary_landmark_12,
row1169,z,Left_dorsal-lateral_tube_rim_secondary_landmark_13,
row1170,z,Left_dorsal-lateral_tube_rim_secondary_landmark_14,
row1171,z,Left_dorsal-lateral_tube_rim_secondary_landmark_15,
row1172,z,Left_dorsal-lateral_tube_rim_secondary_landmark_16,
row1173,z,Left_dorsal-lateral_tube_rim_secondary_landmark_17,
row1174,z,Left_dorsal-lateral_tube_rim_secondary_landmark_18,
row1175,z,Left_dorsal-lateral_tube_rim_secondary_landmark_19,
row1176,z,Left_dorsal-lateral_tube_rim_secondary_landmark_20,
row1177,z,Left_dorsal-lateral_tube_rim_secondary_landmark_21,
row1178,z,Left_dorsal-lateral_tube_rim_secondary_landmark_22,
row1179,z,Left_dorsal-lateral_tube_rim_secondary_landmark_23,
row1180,z,Left_dorsal-lateral_tube_rim_secondary_landmark_24,
row1181,z,Left_dorsal-lateral_tube_rim_secondary_landmark_25,
row1182,z,Left_dorsal-lateral_tube_rim_proximal_end_primary_landmark,
row1183,z,Left_lateral-ventral_tube_rim_secondary_landmark_01,
row1184,z,Left_lateral-ventral_tube_rim_secondary_landmark_02,
row1185,z,Left_lateral-ventral_tube_rim_secondary_landmark_03,
row1186,z,Left_lateral-ventral_tube_rim_secondary_landmark_04,
row1187,z,Left_lateral-ventral_tube_rim_secondary_landmark_05,
row1188,z,Left_lateral-ventral_tube_rim_secondary_landmark_06,
row1189,z,Left_lateral-ventral_tube_rim_secondary_landmark_07,
row1190,z,Left_lateral-ventral_tube_rim_secondary_landmark_08,
row1191,z,Left_lateral-ventral_tube_rim_secondary_landmark_09,
row1192,z,Left_lateral-ventral_tube_rim_secondary_landmark_10,
row1193,z,Left_lateral-ventral_tube_rim_secondary_landmark_11,
row1194,z,Left_lateral-ventral_tube_rim_secondary_landmark_12,
row1195,z,Left_lateral-ventral_tube_rim_secondary_landmark_13,
row1196,z,Left_lateral-ventral_tube_rim_secondary_landmark_14,
row1197,z,Left_lateral-ventral_tube_rim_secondary_landmark_15,
row1198,z,Left_lateral-ventral_tube_rim_secondary_landmark_16,
row1199,z,Left_lateral-ventral_tube_rim_secondary_landmark_17,
row1200,z,Left_lateral-ventral_tube_rim_secondary_landmark_18,
row1201,z,Left_lateral-ventral_tube_rim_secondary_landmark_19,
row1202,z,Left_lateral-ventral_tube_rim_secondary_landmark_20,
row1203,z,Left_lateral-ventral_tube_rim_secondary_landmark_21,
row1204,z,Left_lateral-ventral_tube_rim_secondary_landmark_22,
row1205,z,Left_lateral-ventral_tube_rim_secondary_landmark_23,
row1206,z,Left_lateral-ventral_tube_rim_secondary_landmark_24,
row1207,z,Left_lateral-ventral_tube_rim_secondary_landmark_25,
row1208,z,Left_lateral-ventral_tube_rim_proximal_end_primary_landmark,
row1209,z,Right_lateral-ventral_tube_rim_secondary_landmark_01,
row1210,z,Right_lateral-ventral_tube_rim_secondary_landmark_02,
row1211,z,Right_lateral-ventral_tube_rim_secondary_landmark_03,
row1212,z,Right_lateral-ventral_tube_rim_secondary_landmark_04,
row1213,z,Right_lateral-ventral_tube_rim_secondary_landmark_05,
row1214,z,Right_lateral-ventral_tube_rim_secondary_landmark_06,
row1215,z,Right_lateral-ventral_tube_rim_secondary_landmark_07,
row1216,z,Right_lateral-ventral_tube_rim_secondary_landmark_08,
row1217,z,Right_lateral-ventral_tube_rim_secondary_landmark_09,
row1218,z,Right_lateral-ventral_tube_rim_secondary_landmark_10,
row1219,z,Right_lateral-ventral_tube_rim_secondary_landmark_11,
row1220,z,Right_lateral-ventral_tube_rim_secondary_landmark_12,
row1221,z,Right_lateral-ventral_tube_rim_secondary_landmark_13,
row1222,z,Right_lateral-ventral_tube_rim_secondary_landmark_14,
row1223,z,Right_lateral-ventral_tube_rim_secondary_landmark_15,
row1224,z,Right_lateral-ventral_tube_rim_secondary_landmark_16,
row1225,z,Right_lateral-ventral_tube_rim_secondary_landmark_17,
row1226,z,Right_lateral-ventral_tube_rim_secondary_landmark_18,
row1227,z,Right_lateral-ventral_tube_rim_secondary_landmark_19,
row1228,z,Right_lateral-ventral_tube_rim_secondary_landmark_20,
row1229,z,Right_lateral-ventral_tube_rim_secondary_landmark_21,
row1230,z,Right_lateral-ventral_tube_rim_secondary_landmark_22,
row1231,z,Right_lateral-ventral_tube_rim_secondary_landmark_23,
row1232,z,Right_lateral-ventral_tube_rim_secondary_landmark_24,
row1233,z,Right_lateral-ventral_tube_rim_secondary_landmark_25,
row1234,z,Right_lateral-ventral_tube_rim_proximal_end_primary_landmark,
row1235,z,Right_dorsal-lateral_tube_rim_secondary_landmark_01,
row1236,z,Right_dorsal-lateral_tube_rim_secondary_landmark_02,
row1237,z,Right_dorsal-lateral_tube_rim_secondary_landmark_03,
row1238,z,Right_dorsal-lateral_tube_rim_secondary_landmark_04,
row1239,z,Right_dorsal-lateral_tube_rim_secondary_landmark_05,
row1240,z,Right_dorsal-lateral_tube_rim_secondary_landmark_06,
row1241,z,Right_dorsal-lateral_tube_rim_secondary_landmark_07,
row1242,z,Right_dorsal-lateral_tube_rim_secondary_landmark_08,
row1243,z,Right_dorsal-lateral_tube_rim_secondary_landmark_09,
row1244,z,Right_dorsal-lateral_tube_rim_secondary_landmark_10,
row1245,z,Right_dorsal-lateral_tube_rim_secondary_landmark_11,
row1246,z,Right_dorsal-lateral_tube_rim_secondary_landmark_12,
row1247,z,Right_dorsal-lateral_tube_rim_secondary_landmark_13,
row1248,z,Right_dorsal-lateral_tube_rim_secondary_landmark_14,
row1249,z,Right_dorsal-lateral_tube_rim_secondary_landmark_15,
row1250,z,Right_dorsal-lateral_tube_rim_secondary_landmark_16,
row1251,z,Right_dorsal-lateral_tube_rim_secondary_landmark_17,
row1252,z,Right_dorsal-lateral_tube_rim_secondary_landmark_18,
row1253,z,Right_dorsal-lateral_tube_rim_secondary_landmark_19,
row1254,z,Right_dorsal-lateral_tube_rim_secondary_landmark_20,
row1255,z,Right_dorsal-lateral_tube_rim_secondary_landmark_21,
row1256,z,Right_dorsal-lateral_tube_rim_secondary_landmark_22,
row1257,z,Right_dorsal-lateral_tube_rim_secondary_landmark_23,
row1258,z,Right_dorsal-lateral_tube_rim_secondary_landmark_24,
row1259,z,Right_dorsal-lateral_tube_rim_secondary_landmark_25,
row1260,z,Right_dorsal-lateral_tube_rim_proximal_end_primary_landmark,
